source,stage,timestamp_ms,chunk_index,source_position_sec,audio_bytes
client,chunk_sent,54.55,0,0.000,9600
backend,audio_received,59.35,0,0.000,9600
backend,audio_to_riva,60.26,0,0.000,9600
client,chunk_sent,355.79,1,0.300,9600
backend,audio_received,359.51,1,0.300,9600
backend,audio_to_riva,359.83,1,0.300,9600
client,chunk_sent,656.19,2,0.600,9600
backend,audio_received,659.71,2,0.600,9600
backend,audio_to_riva,660.08,2,0.600,9600
client,chunk_sent,955.85,3,0.900,9600
backend,audio_received,961.88,3,0.900,9600
backend,audio_to_riva,962.42,3,0.900,9600
client,chunk_sent,1256.08,4,1.200,9600
backend,audio_received,1262.19,4,1.200,9600
backend,audio_to_riva,1262.77,4,1.200,9600
client,chunk_sent,1555.57,5,1.500,9600
backend,audio_received,1561.44,5,1.500,9600
backend,audio_to_riva,1561.90,5,1.500,9600
client,chunk_sent,1855.75,6,1.800,9600
backend,audio_received,1861.48,6,1.800,9600
backend,audio_to_riva,1861.92,6,1.800,9600
client,chunk_sent,2156.05,7,2.100,9600
backend,audio_received,2161.54,7,2.100,9600
backend,audio_to_riva,2161.87,7,2.100,9600
client,chunk_sent,2455.39,8,2.400,9600
backend,audio_received,2461.46,8,2.400,9600
backend,audio_to_riva,2461.80,8,2.400,9600
client,chunk_sent,2755.39,9,2.700,9600
backend,audio_received,2761.47,9,2.700,9600
backend,audio_to_riva,2761.80,9,2.700,9600
client,chunk_sent,3056.11,10,3.000,9600
backend,audio_received,3062.42,10,3.000,9600
backend,audio_to_riva,3062.78,10,3.000,9600
client,chunk_sent,3355.90,11,3.300,9600
backend,audio_received,3361.60,11,3.300,9600
backend,audio_to_riva,3361.93,11,3.300,9600
client,chunk_sent,3656.32,12,3.600,9600
backend,audio_received,3662.86,12,3.600,9600
backend,audio_to_riva,3663.20,12,3.600,9600
client,chunk_sent,3955.65,13,3.900,9600
backend,audio_received,3961.71,13,3.900,9600
backend,audio_to_riva,3962.05,13,3.900,9600
client,chunk_sent,4256.23,14,4.200,9600
backend,audio_received,4262.04,14,4.200,9600
backend,audio_to_riva,4262.41,14,4.200,9600
client,chunk_sent,4555.73,15,4.500,9600
backend,audio_received,4561.79,15,4.500,9600
backend,audio_to_riva,4562.13,15,4.500,9600
client,chunk_sent,4856.35,16,4.800,9600
backend,audio_received,4862.45,16,4.800,9600
backend,audio_to_riva,4862.84,16,4.800,9600
backend,audio_from_riva,5069.13,-1,0.000,83222
backend,audio_sent_to_client,5085.31,-1,0.000,83222
client,audio_received,5087.05,0,2.601,83222
client,chunk_sent,5155.55,17,5.100,9600
backend,audio_received,5161.58,17,5.100,9600
backend,audio_to_riva,5161.91,17,5.100,9600
client,chunk_sent,5456.08,18,5.400,9600
backend,audio_received,5462.51,18,5.400,9600
backend,audio_to_riva,5462.96,18,5.400,9600
client,chunk_sent,5755.66,19,5.700,9600
backend,audio_received,5761.78,19,5.700,9600
backend,audio_to_riva,5762.19,19,5.700,9600
client,chunk_sent,6056.15,20,6.000,9600
backend,audio_received,6062.23,20,6.000,9600
backend,audio_to_riva,6062.61,20,6.000,9600
client,chunk_sent,6355.98,21,6.300,9600
backend,audio_received,6362.04,21,6.300,9600
backend,audio_to_riva,6362.39,21,6.300,9600
client,chunk_sent,6655.57,22,6.600,9600
backend,audio_received,6661.67,22,6.600,9600
backend,audio_to_riva,6661.99,22,6.600,9600
client,chunk_sent,6956.20,23,6.900,9600
backend,audio_received,6962.28,23,6.900,9600
backend,audio_to_riva,6962.66,23,6.900,9600
client,chunk_sent,7255.98,24,7.200,9600
backend,audio_received,7261.95,24,7.200,9600
backend,audio_to_riva,7262.43,24,7.200,9600
client,chunk_sent,7555.55,25,7.500,9600
backend,audio_received,7562.09,25,7.500,9600
backend,audio_to_riva,7562.49,25,7.500,9600
client,chunk_sent,7855.55,26,7.800,9600
backend,audio_received,7861.91,26,7.800,9600
backend,audio_to_riva,7862.25,26,7.800,9600
client,chunk_sent,8155.42,27,8.100,9600
backend,audio_received,8161.55,27,8.100,9600
backend,audio_to_riva,8162.05,27,8.100,9600
client,chunk_sent,8455.87,28,8.400,9600
backend,audio_received,8462.20,28,8.400,9600
backend,audio_to_riva,8462.69,28,8.400,9600
client,chunk_sent,8755.62,29,8.700,9600
backend,audio_received,8761.68,29,8.700,9600
backend,audio_to_riva,8762.05,29,8.700,9600
client,chunk_sent,9056.38,30,9.000,9600
backend,audio_received,9062.19,30,9.000,9600
backend,audio_to_riva,9062.57,30,9.000,9600
client,chunk_sent,9356.12,31,9.300,9600
backend,audio_received,9361.86,31,9.300,9600
backend,audio_to_riva,9362.17,31,9.300,9600
client,chunk_sent,9655.74,32,9.600,9600
backend,audio_received,9661.43,32,9.600,9600
backend,audio_to_riva,9661.76,32,9.600,9600
client,chunk_sent,9956.31,33,9.900,9600
backend,audio_received,9962.38,33,9.900,9600
backend,audio_to_riva,9962.83,33,9.900,9600
client,chunk_sent,10256.19,34,10.200,9600
backend,audio_received,10261.98,34,10.200,9600
backend,audio_to_riva,10262.37,34,10.200,9600
client,chunk_sent,10555.90,35,10.500,9600
backend,audio_received,10561.74,35,10.500,9600
backend,audio_to_riva,10562.07,35,10.500,9600
client,chunk_sent,10855.53,36,10.800,9600
backend,audio_received,10861.56,36,10.800,9600
backend,audio_to_riva,10861.99,36,10.800,9600
client,chunk_sent,11156.26,37,11.100,9600
backend,audio_received,11162.64,37,11.100,9600
backend,audio_to_riva,11163.00,37,11.100,9600
client,chunk_sent,11456.00,38,11.400,9600
backend,audio_received,11461.61,38,11.400,9600
backend,audio_to_riva,11461.95,38,11.400,9600
client,chunk_sent,11756.25,39,11.700,9600
backend,audio_received,11762.82,39,11.700,9600
backend,audio_to_riva,11763.27,39,11.700,9600
client,chunk_sent,12056.31,40,12.000,9600
backend,audio_received,12062.37,40,12.000,9600
backend,audio_to_riva,12062.81,40,12.000,9600
client,chunk_sent,12356.09,41,12.300,9600
backend,audio_received,12361.88,41,12.300,9600
backend,audio_to_riva,12362.35,41,12.300,9600
client,chunk_sent,12655.23,42,12.600,9600
backend,audio_received,12660.78,42,12.600,9600
backend,audio_to_riva,12661.13,42,12.600,9600
client,chunk_sent,12956.32,43,12.900,9600
backend,audio_received,12962.18,43,12.900,9600
backend,audio_to_riva,12962.54,43,12.900,9600
client,chunk_sent,13255.50,44,13.200,9600
backend,audio_received,13261.42,44,13.200,9600
backend,audio_to_riva,13261.76,44,13.200,9600
client,chunk_sent,13555.83,45,13.500,9600
backend,audio_received,13561.66,45,13.500,9600
backend,audio_to_riva,13561.99,45,13.500,9600
client,chunk_sent,13856.11,46,13.800,9600
backend,audio_received,13862.07,46,13.800,9600
backend,audio_to_riva,13862.44,46,13.800,9600
client,chunk_sent,14155.33,47,14.100,9600
backend,audio_received,14160.93,47,14.100,9600
backend,audio_to_riva,14161.27,47,14.100,9600
client,chunk_sent,14455.26,48,14.400,9600
backend,audio_received,14460.99,48,14.400,9600
backend,audio_to_riva,14461.32,48,14.400,9600
client,chunk_sent,14755.29,49,14.700,9600
backend,audio_received,14760.83,49,14.700,9600
backend,audio_to_riva,14761.16,49,14.700,9600
client,chunk_sent,15055.71,50,15.000,9600
backend,audio_received,15062.04,50,15.000,9600
backend,audio_to_riva,15062.51,50,15.000,9600
backend,audio_from_riva,15187.14,-1,0.000,142664
backend,audio_sent_to_client,15215.05,-1,0.000,142664
client,audio_received,15218.47,1,7.059,142664
client,chunk_sent,15356.24,51,15.300,9600
backend,audio_received,15362.29,51,15.300,9600
backend,audio_to_riva,15362.80,51,15.300,9600
client,chunk_sent,15655.85,52,15.600,9600
backend,audio_received,15662.23,52,15.600,9600
backend,audio_to_riva,15662.75,52,15.600,9600
client,chunk_sent,15955.56,53,15.900,9600
backend,audio_received,15961.44,53,15.900,9600
backend,audio_to_riva,15961.89,53,15.900,9600
client,chunk_sent,16256.26,54,16.200,9600
backend,audio_received,16262.41,54,16.200,9600
backend,audio_to_riva,16262.81,54,16.200,9600
client,chunk_sent,16556.23,55,16.500,9600
backend,audio_received,16562.93,55,16.500,9600
backend,audio_to_riva,16563.45,55,16.500,9600
backend,audio_from_riva,16604.69,-1,0.000,49042
backend,audio_sent_to_client,16614.91,-1,0.000,49042
client,audio_received,16615.55,2,8.591,49042
client,chunk_sent,16856.36,56,16.800,9600
backend,audio_received,16861.91,56,16.800,9600
backend,audio_to_riva,16862.28,56,16.800,9600
client,chunk_sent,17155.83,57,17.100,9600
backend,audio_received,17161.35,57,17.100,9600
backend,audio_to_riva,17161.69,57,17.100,9600
client,chunk_sent,17455.40,58,17.400,9600
backend,audio_received,17460.94,58,17.400,9600
backend,audio_to_riva,17461.25,58,17.400,9600
client,chunk_sent,17755.87,59,17.700,9600
backend,audio_received,17761.76,59,17.700,9600
backend,audio_to_riva,17762.10,59,17.700,9600
client,chunk_sent,18056.12,60,18.000,9600
backend,audio_received,18062.45,60,18.000,9600
backend,audio_to_riva,18062.92,60,18.000,9600
client,chunk_sent,18355.42,61,18.300,9600
backend,audio_received,18361.14,61,18.300,9600
backend,audio_to_riva,18361.63,61,18.300,9600
client,chunk_sent,18655.54,62,18.600,9600
backend,audio_received,18661.30,62,18.600,9600
backend,audio_to_riva,18661.73,62,18.600,9600
backend,audio_from_riva,18803.56,-1,0.000,17834
client,audio_received,18806.67,3,9.149,17834
backend,audio_sent_to_client,18807.49,-1,0.000,17834
client,chunk_sent,18955.24,63,18.900,9600
backend,audio_received,18961.13,63,18.900,9600
backend,audio_to_riva,18961.53,63,18.900,9600
client,chunk_sent,19255.59,64,19.200,9600
backend,audio_received,19261.15,64,19.200,9600
backend,audio_to_riva,19261.55,64,19.200,9600
client,chunk_sent,19556.16,65,19.500,9600
backend,audio_received,19562.03,65,19.500,9600
backend,audio_to_riva,19562.41,65,19.500,9600
client,chunk_sent,19855.62,66,19.800,9600
backend,audio_received,19861.58,66,19.800,9600
backend,audio_to_riva,19861.92,66,19.800,9600
client,chunk_sent,20155.37,67,20.100,9600
backend,audio_received,20161.19,67,20.100,9600
backend,audio_to_riva,20161.56,67,20.100,9600
client,chunk_sent,20455.86,68,20.400,9600
backend,audio_received,20461.85,68,20.400,9600
backend,audio_to_riva,20462.16,68,20.400,9600
client,chunk_sent,20755.42,69,20.700,9600
backend,audio_received,20761.40,69,20.700,9600
backend,audio_to_riva,20761.85,69,20.700,9600
client,chunk_sent,21056.06,70,21.000,9600
backend,audio_received,21061.87,70,21.000,9600
backend,audio_to_riva,21062.23,70,21.000,9600
client,chunk_sent,21355.57,71,21.300,9600
backend,audio_received,21361.14,71,21.300,9600
backend,audio_to_riva,21361.59,71,21.300,9600
client,chunk_sent,21655.89,72,21.600,9600
backend,audio_received,21662.13,72,21.600,9600
backend,audio_to_riva,21662.52,72,21.600,9600
backend,audio_from_riva,21739.55,-1,0.000,52014
backend,audio_sent_to_client,21749.87,-1,0.000,52014
client,audio_received,21750.17,4,10.774,52014
client,chunk_sent,21957.01,73,21.900,9600
backend,audio_received,21962.73,73,21.900,9600
backend,audio_to_riva,21963.07,73,21.900,9600
client,chunk_sent,22256.25,74,22.200,9600
backend,audio_received,22262.01,74,22.200,9600
backend,audio_to_riva,22262.36,74,22.200,9600
client,chunk_sent,22555.48,75,22.500,9600
backend,audio_received,22561.43,75,22.500,9600
backend,audio_to_riva,22561.75,75,22.500,9600
client,chunk_sent,22855.87,76,22.800,9600
backend,audio_received,22861.74,76,22.800,9600
backend,audio_to_riva,22862.06,76,22.800,9600
client,chunk_sent,23156.15,77,23.100,9600
backend,audio_received,23161.62,77,23.100,9600
backend,audio_to_riva,23161.93,77,23.100,9600
client,chunk_sent,23456.17,78,23.400,9600
backend,audio_received,23461.85,78,23.400,9600
backend,audio_to_riva,23462.18,78,23.400,9600
client,chunk_sent,23755.30,79,23.700,9600
backend,audio_received,23760.83,79,23.700,9600
backend,audio_to_riva,23761.17,79,23.700,9600
client,chunk_sent,24055.35,80,24.000,9600
backend,audio_received,24061.15,80,24.000,9600
backend,audio_to_riva,24061.53,80,24.000,9600
client,chunk_sent,24356.07,81,24.300,9600
backend,audio_received,24362.27,81,24.300,9600
backend,audio_to_riva,24362.64,81,24.300,9600
client,chunk_sent,24655.82,82,24.600,9600
backend,audio_received,24661.75,82,24.600,9600
backend,audio_to_riva,24662.08,82,24.600,9600
client,chunk_sent,24956.34,83,24.900,9600
backend,audio_received,24962.05,83,24.900,9600
backend,audio_to_riva,24962.41,83,24.900,9600
client,chunk_sent,25255.64,84,25.200,9600
backend,audio_received,25261.44,84,25.200,9600
backend,audio_to_riva,25261.76,84,25.200,9600
client,chunk_sent,25556.15,85,25.500,9600
backend,audio_received,25561.98,85,25.500,9600
backend,audio_to_riva,25562.32,85,25.500,9600
client,chunk_sent,25855.48,86,25.800,9600
backend,audio_received,25861.16,86,25.800,9600
backend,audio_to_riva,25861.52,86,25.800,9600
backend,audio_from_riva,26140.14,-1,0.000,98082
client,chunk_sent,26155.74,87,26.100,9600
backend,audio_sent_to_client,26159.94,-1,0.000,98082
backend,audio_received,26161.55,87,26.100,9600
client,audio_received,26161.67,5,13.839,98082
backend,audio_to_riva,26161.90,87,26.100,9600
client,chunk_sent,26455.45,88,26.400,9600
backend,audio_received,26461.07,88,26.400,9600
backend,audio_to_riva,26461.50,88,26.400,9600
client,chunk_sent,26755.47,89,26.700,9600
backend,audio_received,26761.79,89,26.700,9600
backend,audio_to_riva,26762.11,89,26.700,9600
client,chunk_sent,27056.08,90,27.000,9600
backend,audio_received,27062.55,90,27.000,9600
backend,audio_to_riva,27063.00,90,27.000,9600
client,chunk_sent,27355.47,91,27.300,9600
backend,audio_received,27361.29,91,27.300,9600
backend,audio_to_riva,27361.68,91,27.300,9600
client,chunk_sent,27655.59,92,27.600,9600
backend,audio_received,27661.47,92,27.600,9600
backend,audio_to_riva,27661.82,92,27.600,9600
client,chunk_sent,27956.07,93,27.900,9600
backend,audio_received,27961.71,93,27.900,9600
backend,audio_to_riva,27962.03,93,27.900,9600
backend,audio_from_riva,27989.64,-1,0.000,74304
backend,audio_sent_to_client,28005.75,-1,0.000,74304
client,audio_received,28006.79,6,16.161,74304
client,chunk_sent,28255.60,94,28.200,9600
backend,audio_received,28261.25,94,28.200,9600
backend,audio_to_riva,28261.61,94,28.200,9600
client,chunk_sent,28555.84,95,28.500,9600
backend,audio_received,28561.91,95,28.500,9600
backend,audio_to_riva,28562.24,95,28.500,9600
client,chunk_sent,28856.31,96,28.800,9600
backend,audio_received,28861.93,96,28.800,9600
backend,audio_to_riva,28862.25,96,28.800,9600
client,chunk_sent,29155.71,97,29.100,9600
backend,audio_received,29161.29,97,29.100,9600
backend,audio_to_riva,29161.61,97,29.100,9600
client,chunk_sent,29455.84,98,29.400,9600
backend,audio_received,29461.80,98,29.400,9600
backend,audio_to_riva,29462.13,98,29.400,9600
client,chunk_sent,29756.02,99,29.700,9600
backend,audio_received,29761.85,99,29.700,9600
backend,audio_to_riva,29762.19,99,29.700,9600
client,chunk_sent,30056.25,100,30.000,9600
backend,audio_from_riva,30057.91,-1,0.000,41612
client,audio_received,30065.99,7,17.462,41612
backend,audio_sent_to_client,30066.03,-1,0.000,41612
backend,audio_received,30066.98,100,30.000,9600
backend,audio_to_riva,30067.30,100,30.000,9600
client,chunk_sent,30356.04,101,30.300,9600
backend,audio_received,30361.93,101,30.300,9600
backend,audio_to_riva,30362.26,101,30.300,9600
backend,audio_from_riva,30536.04,-1,0.000,17834
client,audio_received,30538.87,8,18.019,17834
backend,audio_sent_to_client,30539.90,-1,0.000,17834
client,chunk_sent,30655.33,102,30.600,9600
backend,audio_received,30660.79,102,30.600,9600
backend,audio_to_riva,30661.12,102,30.600,9600
backend,audio_from_riva,30798.51,-1,0.000,31208
client,audio_received,30804.44,9,18.994,31208
backend,audio_sent_to_client,30804.77,-1,0.000,31208
client,chunk_sent,30955.98,103,30.900,9600
backend,audio_received,30961.59,103,30.900,9600
backend,audio_to_riva,30961.93,103,30.900,9600
client,chunk_sent,31256.13,104,31.200,9600
backend,audio_received,31261.82,104,31.200,9600
backend,audio_to_riva,31262.14,104,31.200,9600
client,chunk_sent,31555.54,105,31.500,9600
backend,audio_received,31561.14,105,31.500,9600
backend,audio_to_riva,31561.50,105,31.500,9600
client,chunk_sent,31855.68,106,31.800,9600
backend,audio_received,31861.32,106,31.800,9600
backend,audio_to_riva,31861.69,106,31.800,9600
client,chunk_sent,32155.94,107,32.100,9600
backend,audio_received,32161.98,107,32.100,9600
backend,audio_to_riva,32162.39,107,32.100,9600
client,chunk_sent,32455.47,108,32.400,9600
backend,audio_received,32461.32,108,32.400,9600
backend,audio_to_riva,32461.72,108,32.400,9600
client,chunk_sent,32755.68,109,32.700,9600
backend,audio_received,32761.64,109,32.700,9600
backend,audio_to_riva,32761.98,109,32.700,9600
backend,audio_from_riva,32920.43,-1,0.000,60930
backend,audio_sent_to_client,32932.72,-1,0.000,60930
client,audio_received,32933.19,10,20.898,60930
client,chunk_sent,33055.66,110,33.000,9600
backend,audio_received,33061.48,110,33.000,9600
backend,audio_to_riva,33061.81,110,33.000,9600
client,chunk_sent,33356.04,111,33.300,9600
backend,audio_received,33361.94,111,33.300,9600
backend,audio_to_riva,33362.28,111,33.300,9600
client,chunk_sent,33655.36,112,33.600,9600
backend,audio_received,33661.16,112,33.600,9600
backend,audio_to_riva,33661.53,112,33.600,9600
client,chunk_sent,33955.62,113,33.900,9600
backend,audio_received,33961.39,113,33.900,9600
backend,audio_to_riva,33961.72,113,33.900,9600
client,chunk_sent,34256.09,114,34.200,9600
backend,audio_received,34261.78,114,34.200,9600
backend,audio_to_riva,34262.11,114,34.200,9600
client,chunk_sent,34556.15,115,34.500,9600
backend,audio_received,34561.47,115,34.500,9600
backend,audio_to_riva,34561.80,115,34.500,9600
backend,audio_from_riva,34810.96,-1,0.000,29722
client,audio_received,34816.64,11,21.827,29722
backend,audio_sent_to_client,34817.12,-1,0.000,29722
client,chunk_sent,34855.07,116,34.800,9600
backend,audio_received,34860.59,116,34.800,9600
backend,audio_to_riva,34860.93,116,34.800,9600
client,chunk_sent,35156.11,117,35.100,9600
backend,audio_received,35161.77,117,35.100,9600
backend,audio_to_riva,35162.11,117,35.100,9600
backend,audio_from_riva,35410.24,-1,0.000,74304
backend,audio_sent_to_client,35424.72,-1,0.000,74304
client,audio_received,35426.11,12,24.149,74304
client,chunk_sent,35455.69,118,35.400,9600
backend,audio_received,35461.49,118,35.400,9600
backend,audio_to_riva,35461.85,118,35.400,9600
client,chunk_sent,35756.04,119,35.700,9600
backend,audio_received,35762.05,119,35.700,9600
backend,audio_to_riva,35762.42,119,35.700,9600
client,chunk_sent,36055.27,120,36.000,9600
backend,audio_received,36061.05,120,36.000,9600
backend,audio_to_riva,36061.43,120,36.000,9600
client,chunk_sent,36355.80,121,36.300,9600
backend,audio_received,36361.62,121,36.300,9600
backend,audio_to_riva,36361.95,121,36.300,9600
client,chunk_sent,36656.14,122,36.600,9600
backend,audio_received,36662.15,122,36.600,9600
backend,audio_to_riva,36662.58,122,36.600,9600
client,chunk_sent,36955.52,123,36.900,9600
backend,audio_received,36961.15,123,36.900,9600
backend,audio_to_riva,36961.52,123,36.900,9600
backend,audio_from_riva,37076.77,-1,0.000,56472
backend,audio_sent_to_client,37089.31,-1,0.000,56472
client,audio_received,37089.83,13,25.914,56472
client,chunk_sent,37255.53,124,37.200,9600
backend,audio_received,37261.45,124,37.200,9600
backend,audio_to_riva,37261.79,124,37.200,9600
client,chunk_sent,37556.12,125,37.500,9600
backend,audio_received,37561.97,125,37.500,9600
backend,audio_to_riva,37562.39,125,37.500,9600
client,chunk_sent,37855.30,126,37.800,9600
backend,audio_received,37861.21,126,37.800,9600
backend,audio_to_riva,37861.62,126,37.800,9600
client,chunk_sent,38155.49,127,38.100,9600
backend,audio_received,38161.49,127,38.100,9600
backend,audio_to_riva,38161.84,127,38.100,9600
backend,audio_from_riva,38346.82,-1,0.000,83222
backend,audio_sent_to_client,38362.90,-1,0.000,83222
client,audio_received,38364.22,14,28.515,83222
client,chunk_sent,38455.88,128,38.400,9600
backend,audio_received,38461.60,128,38.400,9600
backend,audio_to_riva,38461.94,128,38.400,9600
client,chunk_sent,38756.06,129,38.700,9600
backend,audio_received,38761.55,129,38.700,9600
backend,audio_to_riva,38761.88,129,38.700,9600
client,chunk_sent,39055.94,130,39.000,9600
backend,audio_received,39061.55,130,39.000,9600
backend,audio_to_riva,39061.91,130,39.000,9600
client,chunk_sent,39356.20,131,39.300,9600
backend,audio_received,39361.77,131,39.300,9600
backend,audio_to_riva,39362.08,131,39.300,9600
client,chunk_sent,39655.43,132,39.600,9600
backend,audio_received,39661.03,132,39.600,9600
backend,audio_to_riva,39661.38,132,39.600,9600
client,chunk_sent,39955.68,133,39.900,9600
backend,audio_received,39961.31,133,39.900,9600
backend,audio_to_riva,39961.68,133,39.900,9600
client,chunk_sent,40256.04,134,40.200,9600
backend,audio_received,40261.78,134,40.200,9600
backend,audio_to_riva,40262.11,134,40.200,9600
client,chunk_sent,40556.03,135,40.500,9600
backend,audio_received,40561.38,135,40.500,9600
backend,audio_to_riva,40561.71,135,40.500,9600
client,chunk_sent,40856.28,136,40.800,9600
backend,audio_received,40861.89,136,40.800,9600
backend,audio_to_riva,40862.23,136,40.800,9600
backend,audio_from_riva,40875.11,-1,0.000,65388
backend,audio_sent_to_client,40888.48,-1,0.000,65388
client,audio_received,40889.04,15,30.558,65388
client,chunk_sent,41155.87,137,41.100,9600
backend,audio_received,41161.66,137,41.100,9600
backend,audio_to_riva,41162.00,137,41.100,9600
client,chunk_sent,41456.08,138,41.400,9600
backend,audio_received,41462.03,138,41.400,9600
backend,audio_to_riva,41462.45,138,41.400,9600
client,chunk_sent,41756.33,139,41.700,9600
backend,audio_received,41762.23,139,41.700,9600
backend,audio_to_riva,41762.63,139,41.700,9600
client,chunk_sent,42055.71,140,42.000,9600
backend,audio_received,42061.20,140,42.000,9600
backend,audio_to_riva,42061.57,140,42.000,9600
client,chunk_sent,42356.17,141,42.300,9600
backend,audio_received,42361.73,141,42.300,9600
backend,audio_to_riva,42362.06,141,42.300,9600
client,chunk_sent,42655.67,142,42.600,9600
backend,audio_received,42661.61,142,42.600,9600
backend,audio_to_riva,42661.97,142,42.600,9600
client,chunk_sent,42956.30,143,42.900,9600
backend,audio_received,42962.14,143,42.900,9600
backend,audio_to_riva,42962.54,143,42.900,9600
client,chunk_sent,43255.63,144,43.200,9600
backend,audio_received,43261.58,144,43.200,9600
backend,audio_to_riva,43261.92,144,43.200,9600
client,chunk_sent,43555.95,145,43.500,9600
backend,audio_received,43561.89,145,43.500,9600
backend,audio_to_riva,43562.21,145,43.500,9600
client,chunk_sent,43856.28,146,43.800,9600
backend,audio_received,43862.07,146,43.800,9600
backend,audio_to_riva,43862.41,146,43.800,9600
client,chunk_sent,44155.47,147,44.100,9600
backend,audio_received,44161.24,147,44.100,9600
backend,audio_to_riva,44161.62,147,44.100,9600
client,chunk_sent,44455.89,148,44.400,9600
backend,audio_received,44461.46,148,44.400,9600
backend,audio_to_riva,44461.81,148,44.400,9600
client,chunk_sent,44755.55,149,44.700,9600
backend,audio_received,44761.31,149,44.700,9600
backend,audio_to_riva,44761.81,149,44.700,9600
client,chunk_sent,45055.89,150,45.000,9600
backend,audio_received,45061.99,150,45.000,9600
backend,audio_to_riva,45062.32,150,45.000,9600
backend,audio_from_riva,45278.76,-1,0.000,80250
backend,audio_sent_to_client,45294.26,-1,0.000,80250
client,audio_received,45295.52,16,33.066,80250
client,chunk_sent,45356.16,151,45.300,9600
backend,audio_received,45362.04,151,45.300,9600
backend,audio_to_riva,45362.39,151,45.300,9600
client,chunk_sent,45655.47,152,45.600,9600
backend,audio_received,45661.14,152,45.600,9600
backend,audio_to_riva,45661.49,152,45.600,9600
client,chunk_sent,45955.65,153,45.900,9600
backend,audio_received,45961.33,153,45.900,9600
backend,audio_to_riva,45961.69,153,45.900,9600
client,chunk_sent,46256.14,154,46.200,9600
backend,audio_received,46261.98,154,46.200,9600
backend,audio_to_riva,46262.32,154,46.200,9600
client,chunk_sent,46555.39,155,46.500,9600
backend,audio_received,46561.18,155,46.500,9600
backend,audio_to_riva,46561.55,155,46.500,9600
client,chunk_sent,46855.50,156,46.800,9600
backend,audio_received,46861.32,156,46.800,9600
backend,audio_to_riva,46861.69,156,46.800,9600
client,chunk_sent,47156.06,157,47.100,9600
backend,audio_received,47161.68,157,47.100,9600
backend,audio_to_riva,47161.99,157,47.100,9600
client,chunk_sent,47456.24,158,47.400,9600
backend,audio_received,47461.79,158,47.400,9600
backend,audio_to_riva,47462.11,158,47.400,9600
client,chunk_sent,47755.41,159,47.700,9600
backend,audio_received,47761.13,159,47.700,9600
backend,audio_to_riva,47761.60,159,47.700,9600
client,chunk_sent,48055.94,160,48.000,9600
backend,audio_received,48061.19,160,48.000,9600
backend,audio_to_riva,48061.51,160,48.000,9600
backend,audio_from_riva,48258.55,-1,0.000,101054
backend,audio_sent_to_client,48278.66,-1,0.000,101054
client,audio_received,48280.27,17,36.224,101054
client,chunk_sent,48355.85,161,48.300,9600
backend,audio_received,48361.11,161,48.300,9600
backend,audio_to_riva,48361.56,161,48.300,9600
client,chunk_sent,48656.12,162,48.600,9600
backend,audio_received,48661.88,162,48.600,9600
backend,audio_to_riva,48662.23,162,48.600,9600
client,chunk_sent,48955.57,163,48.900,9600
backend,audio_received,48961.40,163,48.900,9600
backend,audio_to_riva,48961.74,163,48.900,9600
client,chunk_sent,49255.83,164,49.200,9600
backend,audio_received,49261.77,164,49.200,9600
backend,audio_to_riva,49262.12,164,49.200,9600
client,chunk_sent,49556.25,165,49.500,9600
backend,audio_received,49562.12,165,49.500,9600
backend,audio_to_riva,49562.50,165,49.500,9600
backend,audio_from_riva,49766.77,-1,0.000,34180
client,audio_received,49773.36,18,37.292,34180
backend,audio_sent_to_client,49773.66,-1,0.000,34180
client,chunk_sent,49856.08,166,49.800,9600
backend,audio_received,49861.91,166,49.800,9600
backend,audio_to_riva,49862.24,166,49.800,9600
client,chunk_sent,50155.96,167,50.100,9600
backend,audio_received,50161.63,167,50.100,9600
backend,audio_to_riva,50161.97,167,50.100,9600
client,chunk_sent,50456.23,168,50.400,9600
backend,audio_received,50462.22,168,50.400,9600
backend,audio_to_riva,50462.59,168,50.400,9600
client,chunk_sent,50755.74,169,50.700,9600
backend,audio_received,50761.50,169,50.700,9600
backend,audio_to_riva,50761.84,169,50.700,9600
client,chunk_sent,51055.96,170,51.000,9600
backend,audio_received,51061.88,170,51.000,9600
backend,audio_to_riva,51062.22,170,51.000,9600
client,chunk_sent,51356.30,171,51.300,9600
backend,audio_received,51362.19,171,51.300,9600
backend,audio_to_riva,51362.55,171,51.300,9600
client,chunk_sent,51655.54,172,51.600,9600
backend,audio_received,51661.11,172,51.600,9600
backend,audio_to_riva,51661.50,172,51.600,9600
client,chunk_sent,51955.76,173,51.900,9600
backend,audio_received,51961.61,173,51.900,9600
backend,audio_to_riva,51961.95,173,51.900,9600
client,chunk_sent,52255.93,174,52.200,9600
backend,audio_received,52261.06,174,52.200,9600
backend,audio_to_riva,52261.44,174,52.200,9600
client,chunk_sent,52555.91,175,52.500,9600
backend,audio_received,52561.35,175,52.500,9600
backend,audio_to_riva,52561.79,175,52.500,9600
client,chunk_sent,52855.89,176,52.800,9600
backend,audio_received,52861.45,176,52.800,9600
backend,audio_to_riva,52861.79,176,52.800,9600
backend,audio_from_riva,53097.49,-1,0.000,138206
backend,audio_sent_to_client,53124.91,-1,0.000,138206
client,audio_received,53127.13,19,41.611,138206
client,chunk_sent,53155.72,177,53.100,9600
backend,audio_received,53161.55,177,53.100,9600
backend,audio_to_riva,53161.89,177,53.100,9600
client,chunk_sent,53455.97,178,53.400,9600
backend,audio_received,53461.81,178,53.400,9600
backend,audio_to_riva,53462.14,178,53.400,9600
client,chunk_sent,53756.51,179,53.700,9600
backend,audio_received,53762.15,179,53.700,9600
backend,audio_to_riva,53762.51,179,53.700,9600
client,chunk_sent,54055.59,180,54.000,9600
backend,audio_received,54061.20,180,54.000,9600
backend,audio_to_riva,54061.58,180,54.000,9600
backend,audio_from_riva,54199.82,-1,0.000,32694
client,audio_received,54205.81,20,42.632,32694
backend,audio_sent_to_client,54206.32,-1,0.000,32694
client,chunk_sent,54355.48,181,54.300,9600
backend,audio_received,54361.12,181,54.300,9600
backend,audio_to_riva,54361.49,181,54.300,9600
client,chunk_sent,54655.64,182,54.600,9600
backend,audio_received,54661.57,182,54.600,9600
backend,audio_to_riva,54661.89,182,54.600,9600
client,chunk_sent,54956.15,183,54.900,9600
backend,audio_received,54961.93,183,54.900,9600
backend,audio_to_riva,54962.26,183,54.900,9600
client,chunk_sent,55255.25,184,55.200,9600
backend,audio_received,55261.10,184,55.200,9600
backend,audio_to_riva,55261.45,184,55.200,9600
client,chunk_sent,55555.41,185,55.500,9600
backend,audio_received,55561.26,185,55.500,9600
backend,audio_to_riva,55561.61,185,55.500,9600
client,chunk_sent,55855.69,186,55.800,9600
backend,audio_received,55861.60,186,55.800,9600
backend,audio_to_riva,55861.92,186,55.800,9600
client,chunk_sent,56155.83,187,56.100,9600
backend,audio_received,56161.46,187,56.100,9600
backend,audio_to_riva,56161.79,187,56.100,9600
client,chunk_sent,56455.97,188,56.400,9600
backend,audio_received,56461.57,188,56.400,9600
backend,audio_to_riva,56461.93,188,56.400,9600
client,chunk_sent,56755.25,189,56.700,9600
backend,audio_received,56760.51,189,56.700,9600
backend,audio_to_riva,56760.82,189,56.700,9600
client,chunk_sent,57055.08,190,57.000,9600
backend,audio_received,57060.74,190,57.000,9600
backend,audio_to_riva,57061.08,190,57.000,9600
client,chunk_sent,57356.09,191,57.300,9600
backend,audio_received,57361.74,191,57.300,9600
backend,audio_to_riva,57362.07,191,57.300,9600
client,chunk_sent,57656.17,192,57.600,9600
backend,audio_received,57661.82,192,57.600,9600
backend,audio_to_riva,57662.13,192,57.600,9600
client,chunk_sent,57955.30,193,57.900,9600
backend,audio_received,57960.81,193,57.900,9600
backend,audio_to_riva,57961.12,193,57.900,9600
client,chunk_sent,58255.44,194,58.200,9600
backend,audio_received,58260.91,194,58.200,9600
backend,audio_to_riva,58261.23,194,58.200,9600
client,chunk_sent,58555.67,195,58.500,9600
backend,audio_received,58561.52,195,58.500,9600
backend,audio_to_riva,58561.86,195,58.500,9600
client,chunk_sent,58855.81,196,58.800,9600
backend,audio_received,58861.29,196,58.800,9600
backend,audio_to_riva,58861.69,196,58.800,9600
client,chunk_sent,59155.76,197,59.100,9600
backend,audio_received,59160.46,197,59.100,9600
backend,audio_to_riva,59160.79,197,59.100,9600
backend,audio_from_riva,59366.59,-1,0.000,111456
backend,audio_sent_to_client,59388.56,-1,0.000,111456
client,audio_received,59390.28,21,46.115,111456
client,chunk_sent,59455.82,198,59.400,9600
backend,audio_received,59461.68,198,59.400,9600
backend,audio_to_riva,59462.02,198,59.400,9600
client,chunk_sent,59756.05,199,59.700,9600
backend,audio_received,59761.77,199,59.700,9600
backend,audio_to_riva,59762.11,199,59.700,9600
client,input_ended,60056.53,200,60.000,0
backend,audio_from_riva,61343.94,-1,0.000,133748
backend,audio_sent_to_client,61369.67,-1,0.000,133748
client,audio_received,61372.22,22,50.295,133748
